query_time,place_id,lat,lon,bikes,empty_docks,docks
2022-07-28T00:15:58.681487,BikePoints_84,51.515937,-0.111778,1,24,25
2022-07-28T00:15:58.681487,BikePoints_85,51.500647,-0.0786,24,17,41
2022-07-28T00:15:58.681487,BikePoints_86,51.489479,-0.115156,13,11,24
2022-07-28T00:15:58.681487,BikePoints_87,51.516468,-0.079684,0,16,16
2022-07-28T00:15:58.681487,BikePoints_88,51.518587,-0.132053,0,25,25
2022-07-28T00:15:58.681487,BikePoints_89,51.52625,-0.123509,4,15,19
2022-07-28T00:15:58.681487,BikePoints_90,51.533019,-0.139174,4,21,27
2022-07-28T00:15:58.681487,BikePoints_91,51.493686,-0.111014,10,10,20
2022-07-28T00:15:58.681487,BikePoints_92,51.498898,-0.10044,14,26,41
2022-07-28T00:15:58.681487,BikePoints_93,51.534408,-0.109025,28,7,37
2022-07-28T00:15:58.681487,BikePoints_94,51.495061,-0.085814,24,4,28
2022-07-28T00:15:58.681487,BikePoints_95,51.520841,-0.09734,0,15,15
2022-07-28T00:15:58.681487,BikePoints_96,51.53095,-0.078505,8,18,26
2022-07-28T00:15:58.681487,BikePoints_97,51.497924,-0.183834,7,11,18
2022-07-28T00:15:58.681487,BikePoints_98,51.525542,-0.138231,1,50,54
2022-07-28T00:15:58.681487,BikePoints_99,51.514577,-0.158264,2,13,16
2022-07-28T00:15:58.681487,BikePoints_100,51.490435,-0.122806,15,9,24
2022-07-28T00:15:58.681487,BikePoints_101,51.511553,-0.09294,0,19,22
2022-07-28T00:15:58.681487,BikePoints_102,51.513406,-0.076793,0,13,17
2022-07-28T00:15:58.681487,BikePoints_103,51.504723,-0.192538,3,15,18
2022-07-28T00:15:58.681487,BikePoints_104,51.511594,-0.077121,1,30,34
2022-07-28T00:15:58.681487,BikePoints_105,51.515529,-0.19024,19,7,26
2022-07-28T00:15:58.681487,BikePoints_106,51.514105,-0.147301,0,21,21
2022-07-28T00:15:58.681487,BikePoints_107,51.526008,-0.096317,11,9,20
2022-07-28T00:15:58.681487,BikePoints_108,51.498125,-0.132102,4,25,29
2022-07-28T00:15:58.681487,BikePoints_109,51.515631,-0.132328,11,45,57
2022-07-28T00:15:58.681487,BikePoints_110,51.533043,-0.172528,9,7,17
2022-07-28T00:15:58.681487,BikePoints_111,51.510017,-0.157275,21,5,28
2022-07-28T00:15:58.681487,BikePoints_112,51.515809,-0.10527,0,21,21
2022-07-28T00:15:58.681487,BikePoints_113,51.496462,-0.183289,7,12,19
2022-07-28T00:15:58.681487,BikePoints_114,51.524517,-0.158963,4,14,22
2022-07-28T00:15:58.681487,BikePoints_115,51.514233,-0.073537,1,27,34
2022-07-28T00:15:58.681487,BikePoints_116,51.514499,-0.141423,0,19,21
2022-07-28T00:15:58.681487,BikePoints_117,51.49288,-0.114934,25,0,25
2022-07-28T00:15:58.681487,BikePoints_118,51.495827,-0.135478,8,4,13
2022-07-28T00:15:58.681487,BikePoints_119,51.525893,-0.090847,0,18,18
2022-07-28T00:15:58.681487,BikePoints_120,51.515735,-0.09308,0,17,17
2022-07-28T00:15:58.681487,BikePoints_121,51.518913,-0.156166,0,21,22
2022-07-28T00:15:58.681487,BikePoints_122,51.521113,-0.078869,0,23,23
2022-07-28T00:15:58.681487,BikePoints_123,51.52836,-0.104724,6,11,18
2022-07-28T00:15:58.681487,BikePoints_124,51.496544,-0.150905,2,18,20
2022-07-28T00:15:58.681487,BikePoints_125,51.500694,-0.094524,7,13,21
2022-07-28T00:15:58.681487,BikePoints_126,51.517821,-0.096496,0,52,52
2022-07-28T00:15:58.681487,BikePoints_127,51.517008,-0.093885,0,17,17
2022-07-28T00:15:58.681487,BikePoints_128,51.495362,-0.185296,17,5,22
2022-07-28T00:15:58.681487,BikePoints_129,51.511897,-0.137043,0,15,18
2022-07-28T00:15:58.681487,BikePoints_130,51.509506,-0.075459,0,21,24
2022-07-28T00:15:58.681487,BikePoints_131,51.533005,-0.136792,11,5,16
2022-07-28T00:15:58.681487,BikePoints_132,51.523648,-0.074754,0,35,38
2022-07-28T00:15:58.681487,BikePoints_133,51.501364,-0.191462,10,6,18
2022-07-28T00:15:58.681487,BikePoints_134,51.504904,-0.06797,19,0,20
2022-07-28T00:15:58.681487,BikePoints_135,51.52326,-0.104708,15,5,21
2022-07-28T00:15:58.681487,BikePoints_136,51.511961,-0.097441,0,32,32
2022-07-28T00:15:58.681487,BikePoints_138,51.512276,-0.157436,2,16,19
2022-07-28T00:15:58.681487,BikePoints_139,51.494881,-0.117974,18,0,18
2022-07-28T00:15:58.681487,BikePoints_140,51.520962,-0.085634,0,33,33
2022-07-28T00:15:58.681487,BikePoints_141,51.515308,-0.147203,0,29,29
2022-07-28T00:15:58.681487,BikePoints_142,51.493724,-0.198286,9,14,24
2022-07-28T00:15:58.681487,BikePoints_143,51.496886,-0.161203,3,21,24
2022-07-28T00:15:58.681487,BikePoints_144,51.48894,-0.111435,45,2,47
2022-07-28T00:15:58.681487,BikePoints_145,51.500743,-0.202759,20,4,24
2022-07-28T00:15:58.681487,BikePoints_146,51.488365,-0.129361,11,23,35
2022-07-28T00:15:58.681487,BikePoints_147,51.514943,-0.116146,0,16,16
2022-07-28T00:15:58.681487,BikePoints_148,51.492111,-0.138364,16,0,16
2022-07-28T00:15:58.681487,BikePoints_149,51.484788,-0.110683,15,3,18
2022-07-28T00:15:58.681487,BikePoints_150,51.497056,-0.168917,8,20,28
2022-07-28T00:15:58.681487,BikePoints_151,51.512136,-0.201554,16,10,26
2022-07-28T00:15:58.681487,BikePoints_152,51.49217,-0.101536,21,0,21
2022-07-28T00:15:58.681487,BikePoints_153,51.511933,-0.174411,19,4,27
2022-07-28T00:15:58.681487,BikePoints_154,51.503791,-0.112824,1,32,35
2022-07-28T00:15:58.681487,BikePoints_155,51.495866,-0.191933,8,11,19
2022-07-28T00:15:58.681487,BikePoints_156,51.494436,-0.092921,19,14,33
2022-07-28T00:15:58.681487,BikePoints_157,51.500397,-0.193068,21,15,37
2022-07-28T00:15:58.681487,BikePoints_158,51.490853,-0.19617,2,16,18
2022-07-28T00:15:58.681487,BikePoints_160,51.506633,-0.131773,0,20,20
2022-07-28T00:15:58.681487,BikePoints_161,51.492345,-0.141334,12,4,16
2022-07-28T00:15:58.681487,BikePoints_162,51.517606,-0.121328,0,20,20
2022-07-28T00:15:58.681487,BikePoints_163,51.493184,-0.167894,3,24,27
2022-07-28T00:15:58.681487,BikePoints_164,51.515607,-0.183118,6,10,16
2022-07-28T00:15:58.681487,BikePoints_165,51.517932,-0.183716,4,11,15
2022-07-28T00:15:58.681487,BikePoints_430,51.48902,-0.17524,5,13,18
2022-07-28T00:15:58.681487,BikePoints_431,51.534474,-0.122203,16,4,20
2022-07-28T00:15:58.681487,BikePoints_432,51.496468,-0.173796,0,12,13
2022-07-28T00:15:58.681487,BikePoints_433,51.524564,-0.116279,1,32,33
2022-07-28T00:15:58.681487,BikePoints_435,51.488852,-0.105593,22,1,23
2022-07-28T00:15:58.681487,BikePoints_436,51.51824,-0.11655,0,36,36
2022-07-28T00:15:58.681487,BikePoints_437,51.488124,-0.120903,21,6,27
2022-07-28T00:15:58.681487,BikePoints_439,51.5338,-0.118677,5,17,22
2022-07-28T00:15:58.681487,BikePoints_440,51.483145,-0.113134,23,10,33
2022-07-28T00:15:58.681487,BikePoints_441,51.495656,-0.114605,23,0,24
2022-07-28T00:15:58.681487,BikePoints_442,51.510101,-0.211358,9,15,24
2022-07-28T00:15:58.681487,BikePoints_443,51.515256,-0.058641,16,12,30
2022-07-28T00:15:58.681487,BikePoints_444,51.52568,-0.055312,20,2,24
2022-07-28T00:15:58.681487,BikePoints_445,51.52388,-0.065076,6,22,28
2022-07-28T00:15:58.681487,BikePoints_446,51.528936,-0.055894,8,19,27
2022-07-28T00:15:58.681487,BikePoints_447,51.493381,-0.007542,21,31,54
2022-07-28T00:15:58.681487,BikePoints_448,51.50623,-0.02296,17,19,36
2022-07-28T00:15:58.681487,BikePoints_449,51.511088,-0.057159,13,21,35
2022-07-28T00:15:58.681487,BikePoints_450,51.515975,-0.053177,23,3,28
2022-07-28T00:15:58.681487,BikePoints_451,51.504719,-0.063531,14,0,16
2022-07-28T00:15:58.681487,BikePoints_452,51.505697,-0.070542,18,3,24
2022-07-28T00:15:58.681487,BikePoints_453,51.508447,-0.055167,18,5,24
2022-07-28T00:15:58.681487,BikePoints_454,51.487679,-0.021582,2,17,20
2022-07-28T00:15:58.681487,BikePoints_455,51.49447,-0.014409,10,6,17
2022-07-28T00:15:58.681487,BikePoints_456,51.538071,-0.144664,29,4,33
2022-07-28T00:15:58.681487,BikePoints_457,51.542138,-0.145393,27,1,29
2022-07-28T00:15:58.681487,BikePoints_458,51.504749,-0.057544,25,0,28
2022-07-28T00:15:58.681487,BikePoints_459,51.535179,-0.03338,13,4,17
2022-07-28T00:15:58.681487,BikePoints_460,51.516196,-0.029138,29,4,33
2022-07-28T00:15:58.681487,BikePoints_461,51.516,-0.038775,26,0,26
2022-07-28T00:15:58.681487,BikePoints_462,51.541603,-0.138853,43,0,45
2022-07-28T00:15:58.681487,BikePoints_463,51.534776,-0.071881,13,8,22
2022-07-28T00:15:58.681487,BikePoints_464,51.51417,-0.052099,3,21,25
2022-07-28T00:15:58.681487,BikePoints_465,51.53558,-0.08249,14,10,28
2022-07-28T00:15:58.681487,BikePoints_466,51.534464,-0.076341,15,6,21
2022-07-28T00:15:58.681487,BikePoints_467,51.523538,-0.030556,14,1,17
2022-07-28T00:15:58.681487,BikePoints_468,51.521564,-0.022694,12,12,24
2022-07-28T00:15:58.681487,BikePoints_469,51.513757,-0.020467,31,11,44
2022-07-28T00:15:58.681487,BikePoints_470,51.530535,-0.025492,22,21,46
2022-07-28T00:15:58.681487,BikePoints_471,51.533283,-0.028155,15,2,19
2022-07-28T00:15:58.681487,BikePoints_472,51.529452,-0.027616,9,12,21
2022-07-28T00:15:58.681487,BikePoints_473,51.496137,-0.019355,14,5,19
2022-07-28T00:15:58.681487,BikePoints_474,51.541515,-0.038557,18,0,20
2022-07-28T00:15:58.681487,BikePoints_475,51.499041,-0.020157,26,2,31
2022-07-28T00:15:58.681487,BikePoints_476,51.489096,-0.009205,19,8,29
2022-07-28T00:15:58.681487,BikePoints_477,51.49109,-0.018716,21,15,36
2022-07-28T00:15:58.681487,BikePoints_478,51.521889,-0.04667,12,7,21
2022-07-28T00:15:58.681487,BikePoints_479,51.527152,-0.058005,14,5,20
2022-07-28T00:15:58.681487,BikePoints_480,51.512871,-0.038986,21,0,25
2022-07-28T00:15:58.681487,BikePoints_481,51.487129,-0.009001,19,16,35
2022-07-28T00:15:58.681487,BikePoints_482,51.495947,-0.173689,0,14,14
2022-07-28T00:15:58.681487,BikePoints_483,51.51328,-0.047784,13,19,33
2022-07-28T00:15:58.681487,BikePoints_484,51.528828,-0.013258,22,1,24
2022-07-28T00:15:58.681487,BikePoints_485,51.531127,-0.048017,11,12,24
2022-07-28T00:15:58.681487,BikePoints_486,51.525645,-0.069543,23,14,37
2022-07-28T00:15:58.681487,BikePoints_487,51.511811,-0.025626,7,14,23
2022-07-28T00:15:58.681487,BikePoints_488,51.506946,-0.058681,21,1,22
2022-07-28T00:15:58.681487,BikePoints_490,51.508622,-0.065006,6,39,45
2022-07-28T00:15:58.681487,BikePoints_491,51.522507,-0.041378,3,41,44
2022-07-28T00:15:58.681487,BikePoints_492,51.525501,-0.032267,4,35,39
2022-07-28T00:15:58.681487,BikePoints_494,51.50196,-0.016251,10,25,36
2022-07-28T00:15:58.681487,BikePoints_495,51.528169,-0.018703,18,20,39
2022-07-28T00:15:58.681487,BikePoints_496,51.52512,-0.015578,21,18,39
2022-07-28T00:15:58.681487,BikePoints_497,51.526578,-0.027581,12,15,27
2022-07-28T00:15:58.681487,BikePoints_498,51.527058,-0.025296,11,28,42
2022-07-28T00:15:58.681487,BikePoints_499,51.519265,-0.021345,32,4,36
2022-07-28T00:15:58.681487,BikePoints_500,51.520019,-0.05438,15,25,41
2022-07-28T00:15:58.681487,BikePoints_501,51.522561,-0.054883,20,3,24
2022-07-28T00:15:58.681487,BikePoints_502,51.53341,-0.049591,12,4,21
2022-07-28T00:15:58.681487,BikePoints_503,51.520893,-0.051394,11,23,36
2022-07-28T00:15:58.681487,BikePoints_504,51.496454,-0.009506,17,12,30
2022-07-28T00:15:58.681487,BikePoints_505,51.520398,-0.026768,23,6,29
2022-07-28T00:15:58.681487,BikePoints_506,51.517475,-0.075855,0,23,23
2022-07-28T00:15:58.681487,BikePoints_507,51.528692,-0.059091,9,21,31
2022-07-28T00:15:58.681487,BikePoints_508,51.519362,-0.074431,0,18,18
2022-07-28T00:15:58.681487,BikePoints_509,51.517842,-0.090075,0,19,19
2022-07-28T00:15:58.681487,BikePoints_510,51.509303,-0.025996,10,26,41
2022-07-28T00:15:58.681487,BikePoints_511,51.511066,-0.053558,14,18,33
2022-07-28T00:15:58.681487,BikePoints_512,51.532091,-0.06142,24,5,30
2022-07-28T00:15:58.681487,BikePoints_513,51.514222,-0.055656,15,34,51
2022-07-28T00:15:58.681487,BikePoints_514,51.516204,-0.155525,2,15,17
2022-07-28T00:15:58.681487,BikePoints_515,51.500088,-0.211316,5,19,24
2022-07-28T00:15:58.681487,BikePoints_516,51.5112,-0.014438,17,0,18
2022-07-28T00:15:58.681487,BikePoints_517,51.532513,-0.033085,13,3,17
2022-07-28T00:15:58.681487,BikePoints_779,51.514449,-0.077178,0,28,28
2022-07-28T00:15:58.681487,BikePoints_780,51.474665,-0.183165,18,7,25
2022-07-28T00:15:58.681487,BikePoints_781,51.495898,-0.173009,6,24,30
2022-07-28T00:15:58.681487,BikePoints_782,51.483911,-0.197609,19,5,24
2022-07-28T00:15:58.681487,BikePoints_783,51.540311,-0.02163,25,0,27
2022-07-28T00:15:58.681487,BikePoints_784,51.546326,-0.009935,32,1,34
2022-07-28T00:15:58.681487,BikePoints_785,51.54094,-0.01051,56,0,64
2022-07-28T00:15:58.681487,BikePoints_787,51.546805,-0.014691,26,7,35
2022-07-28T00:15:58.681487,BikePoints_788,51.544909,-0.020542,27,0,31
2022-07-28T00:15:58.681487,BikePoints_789,51.538718,-0.011889,33,1,40
2022-07-28T00:15:58.681487,BikePoints_790,51.541793,-0.00481,16,10,28
2022-07-28T00:15:58.681487,BikePoints_792,51.505461,-0.10454,4,38,42
2022-07-28T00:15:58.681487,BikePoints_793,51.528279,-0.119558,17,11,28
2022-07-28T00:15:58.681487,BikePoints_794,51.461376,-0.147804,6,17,23
2022-07-28T00:15:58.681487,BikePoints_795,51.527068,-0.131861,1,29,30
2022-07-28T00:15:58.681487,BikePoints_796,51.524,-0.126409,2,27,29
2022-07-28T00:15:58.681487,BikePoints_797,51.5293,-0.128279,22,7,30
2022-07-28T00:15:58.681487,BikePoints_798,51.530199,-0.122299,1,21,27
2022-07-28T00:15:58.681487,BikePoints_799,51.497698,-0.137598,0,23,24
2022-07-28T00:15:58.681487,BikePoints_800,51.481121,-0.149035,23,6,30
2022-07-28T00:15:58.681487,BikePoints_801,51.505224,-0.098031,1,27,29
2022-07-28T00:15:58.681487,BikePoints_802,51.47659,-0.118256,15,16,32
2022-07-28T00:15:58.681487,BikePoints_803,51.505409,-0.098341,9,14,23
2022-07-28T00:15:58.681487,BikePoints_804,51.534667,-0.125078,1,25,27
2022-07-28T00:15:58.681487,BikePoints_805,51.520509,-0.200804,18,0,18
2022-07-28T00:15:58.681487,BikePoints_806,51.53724,-0.124807,15,9,27
2022-07-28T00:15:58.681487,BikePoints_807,51.5212,-0.208888,18,6,24
2022-07-28T00:15:58.681487,BikePoints_808,51.464995,-0.130908,17,11,28
2022-07-28T00:15:58.681487,BikePoints_809,51.516277,-0.118272,0,27,28
2022-07-28T00:15:58.681487,BikePoints_810,51.506725,-0.098807,16,14,30
2022-07-28T00:15:58.681487,BikePoints_811,51.505703,-0.027772,2,32,36
2022-07-28T00:15:58.681487,BikePoints_812,51.548731,-0.022606,6,19,28
2022-07-28T00:15:58.681487,BikePoints_813,51.487807,-0.122759,22,15,37
2022-07-28T00:15:58.681487,BikePoints_814,51.471433,-0.12367,9,21,30
2022-07-28T00:15:58.681487,BikePoints_815,51.500089,-0.116628,12,23,35
2022-07-28T00:15:58.681487,BikePoints_816,51.546532,-0.020597,23,5,28
2022-07-28T00:15:58.681487,BikePoints_817,51.481335,-0.138212,10,15,26
2022-07-28T00:15:58.681487,BikePoints_818,51.501513,-0.123823,18,3,27
2022-07-28T00:15:58.681487,BikePoints_819,51.50621,-0.114842,11,26,38
2022-07-28T00:15:58.681487,BikePoints_820,51.492807,-0.091938,22,2,24
2022-07-28T00:15:58.681487,BikePoints_821,51.483507,-0.147714,8,17,27
2022-07-28T00:15:58.681487,BikePoints_826,51.496863,-0.142943,0,25,28
2022-07-28T00:15:58.681487,BikePoints_827,51.479601,-0.111471,23,0,24
2022-07-28T00:15:58.681487,BikePoints_828,51.473874,-0.11258,31,0,32
2022-07-28T00:15:58.681487,BikePoints_829,51.469217,-0.112686,23,1,25
2022-07-28T00:15:58.681487,BikePoints_830,51.469202,-0.119022,20,6,27
2022-07-28T00:15:58.681487,BikePoints_831,51.466232,-0.113179,18,7,25
2022-07-28T00:15:58.681487,BikePoints_832,51.464019,-0.115781,20,9,30
2022-07-28T00:15:58.681487,BikePoints_833,51.460232,-0.115375,36,6,42
2022-07-28T00:15:58.681487,BikePoints_834,51.477966,-0.147857,15,10,26
2022-07-28T00:15:58.681487,BikePoints_835,51.516785,-0.104947,0,25,25
2022-07-28T00:15:58.681487,BikePoints_836,51.541596,-0.125441,9,15,24
2022-07-28T00:15:58.681487,BikePoints_838,51.518093,-0.091401,1,24,25
2022-07-28T00:15:58.681487,BikePoints_839,51.508033,-0.106823,16,14,30
2022-07-28T00:15:58.681487,BikePoints_840,51.498585,-0.068981,19,2,22
2022-07-28T00:15:58.681487,BikePoints_841,51.500845,-0.074704,18,1,20
2022-07-28T00:15:58.681487,BikePoints_842,51.510981,-0.108322,5,19,24
2022-07-28T00:15:58.681487,BikePoints_844,51.498439,-0.04915,34,0,35
2022-07-28T00:15:58.681487,BikePoints_845,51.497995,-0.063471,28,2,30
2022-07-28T00:15:58.681487,BikePoints_1,51.529163,-0.10997,11,7,19
2022-07-28T00:15:58.681487,BikePoints_2,51.499606,-0.197574,20,16,37
2022-07-28T00:15:58.681487,BikePoints_3,51.521283,-0.084605,0,32,32
2022-07-28T00:15:58.681487,BikePoints_4,51.530059,-0.120973,3,18,23
2022-07-28T00:15:58.681487,BikePoints_5,51.49313,-0.156876,5,22,27
2022-07-28T00:15:58.681487,BikePoints_6,51.518117,-0.144228,0,17,18
2022-07-28T00:15:58.681487,BikePoints_7,51.5343,-0.168074,13,3,16
2022-07-28T00:15:58.681487,BikePoints_8,51.529857,-0.183486,34,5,39
2022-07-28T00:15:58.681487,BikePoints_9,51.507385,-0.09644,3,14,19
2022-07-28T00:15:58.681487,BikePoints_10,51.505974,-0.092754,2,16,18
2022-07-28T00:15:58.681487,BikePoints_11,51.523951,-0.122502,2,21,24
2022-07-28T00:15:58.681487,BikePoints_12,51.52168,-0.130431,0,48,49
2022-07-28T00:15:58.681487,BikePoints_13,51.519914,-0.136039,0,21,21
2022-07-28T00:15:58.681487,BikePoints_14,51.529943,-0.123616,30,12,48
2022-07-28T00:15:58.681487,BikePoints_15,51.517727,-0.127854,1,25,26
2022-07-28T00:15:58.681487,BikePoints_16,51.526357,-0.125979,3,17,21
2022-07-28T00:15:58.681487,BikePoints_17,51.521661,-0.109006,21,4,26
2022-07-28T00:15:58.681487,BikePoints_18,51.51477,-0.122219,0,27,27
2022-07-28T00:15:58.681487,BikePoints_19,51.52505,-0.131161,0,30,30
2022-07-28T00:15:58.681487,BikePoints_20,51.527326,-0.136052,4,24,28
2022-07-28T00:15:58.681487,BikePoints_21,51.539834,-0.062806,20,5,26
2022-07-28T00:15:58.681487,BikePoints_22,51.522264,-0.114079,16,2,19
2022-07-28T00:15:58.681487,BikePoints_23,51.519435,-0.119123,9,7,16
2022-07-28T00:15:58.681487,BikePoints_24,51.51908,-0.124678,9,26,35
2022-07-28T00:15:58.681487,BikePoints_25,51.528833,-0.13225,11,39,50
2022-07-28T00:15:58.681487,BikePoints_26,51.52728,-0.118295,6,15,21
2022-07-28T00:15:58.681487,BikePoints_27,51.513821,-0.107927,0,33,33
2022-07-28T00:15:58.681487,BikePoints_28,51.523518,-0.143613,3,15,19
2022-07-28T00:15:58.681487,BikePoints_29,51.513735,-0.193487,9,12,22
2022-07-28T00:15:58.681487,BikePoints_30,51.529154,-0.093421,6,17,24
2022-07-28T00:15:58.681487,BikePoints_31,51.529537,-0.083353,13,22,36
2022-07-28T00:15:58.681487,BikePoints_32,51.524696,-0.084439,1,40,43
2022-07-28T00:15:58.681487,BikePoints_33,51.515231,-0.07015,2,15,18
2022-07-28T00:15:58.681487,BikePoints_34,51.534123,-0.129386,13,2,16
2022-07-28T00:15:58.681487,BikePoints_36,51.501737,-0.18498,1,27,28
2022-07-28T00:15:58.681487,BikePoints_37,51.491593,-0.192369,1,16,17
2022-07-28T00:15:58.681487,BikePoints_38,51.497387,-0.197245,9,8,17
2022-07-28T00:15:58.681487,BikePoints_39,51.526377,-0.07813,3,38,41
2022-07-28T00:15:58.681487,BikePoints_40,51.52127,-0.075578,0,16,16
2022-07-28T00:15:58.681487,BikePoints_41,51.520955,-0.083493,0,24,24
2022-07-28T00:15:58.681487,BikePoints_42,51.530991,-0.093903,11,13,28
2022-07-28T00:15:58.681487,BikePoints_43,51.52026,-0.157183,0,18,18
2022-07-28T00:15:58.681487,BikePoints_44,51.510736,-0.144165,8,11,21
2022-07-28T00:15:58.681487,BikePoints_45,51.522511,-0.162298,18,8,26
2022-07-28T00:15:58.681487,BikePoints_46,51.507131,-0.06691,15,0,16
2022-07-28T00:15:58.681487,BikePoints_47,51.523344,-0.183846,15,4,19
2022-07-28T00:15:58.681487,BikePoints_48,51.512484,-0.099141,1,24,25
2022-07-28T00:15:58.681487,BikePoints_49,51.507069,-0.145904,1,15,16
2022-07-28T00:15:58.681487,BikePoints_50,51.528673,-0.087459,2,25,27
2022-07-28T00:15:58.681487,BikePoints_51,51.526717,-0.104298,25,4,29
2022-07-28T00:15:58.681487,BikePoints_52,51.522954,-0.094934,8,9,18
2022-07-28T00:15:58.681487,BikePoints_53,51.509992,-0.143495,0,18,18
2022-07-28T00:15:58.681487,BikePoints_54,51.521747,-0.094475,6,21,27
2022-07-28T00:15:58.681487,BikePoints_55,51.517075,-0.086685,0,33,33
2022-07-28T00:15:58.681487,BikePoints_56,51.520583,-0.154701,0,15,16
2022-07-28T00:15:58.681487,BikePoints_57,51.523346,-0.120202,0,31,32
2022-07-28T00:15:58.681487,BikePoints_58,51.524526,-0.079248,0,20,20
2022-07-28T00:15:58.681487,BikePoints_60,51.526448,-0.17219,3,15,18
2022-07-28T00:15:58.681487,BikePoints_61,51.497382,-0.089446,25,8,33
2022-07-28T00:15:58.681487,BikePoints_62,51.490757,-0.106323,5,19,24
2022-07-28T00:15:58.681487,BikePoints_63,51.53089,-0.089782,11,15,27
2022-07-28T00:15:58.681487,BikePoints_64,51.509462,-0.124749,0,26,26
2022-07-28T00:15:58.681487,BikePoints_65,51.525227,-0.135188,0,17,17
2022-07-28T00:15:58.681487,BikePoints_66,51.51795,-0.108657,0,40,40
2022-07-28T00:15:58.681487,BikePoints_67,51.518825,-0.108028,0,28,28
2022-07-28T00:15:58.681487,BikePoints_68,51.520596,-0.116688,0,26,26
2022-07-28T00:15:58.681487,BikePoints_69,51.526236,-0.134407,0,22,24
2022-07-28T00:15:58.681487,BikePoints_70,51.53136,-0.117069,7,16,24
2022-07-28T00:15:58.681487,BikePoints_71,51.515418,-0.09885,0,33,34
2022-07-28T00:15:58.681487,BikePoints_72,51.52352,-0.10834,15,1,16
2022-07-28T00:15:58.681487,BikePoints_73,51.52548,-0.089659,0,29,29
2022-07-28T00:15:58.681487,BikePoints_74,51.485917,-0.124469,9,7,17
2022-07-28T00:15:58.681487,BikePoints_75,51.532199,-0.10548,0,19,19
2022-07-28T00:15:58.681487,BikePoints_76,51.525595,-0.144083,1,19,21
2022-07-28T00:15:58.681487,BikePoints_77,51.523418,-0.124121,4,22,26
2022-07-28T00:15:58.681487,BikePoints_78,51.524868,-0.099489,8,9,17
2022-07-28T00:15:58.681487,BikePoints_79,51.511726,-0.113855,1,17,18
2022-07-28T00:15:58.681487,BikePoints_80,51.500693,-0.102091,34,11,45
2022-07-28T00:15:58.681487,BikePoints_81,51.520253,-0.141327,2,16,19
2022-07-28T00:15:58.681487,BikePoints_82,51.514274,-0.111257,0,14,15
2022-07-28T00:15:58.681487,BikePoints_83,51.509639,-0.13151,0,20,21
2022-07-28T00:15:58.681487,BikePoints_334,51.505044,-0.115851,0,9,10
2022-07-28T00:15:58.681487,BikePoints_335,51.511968,-0.120718,0,32,33
2022-07-28T00:15:58.681487,BikePoints_336,51.504942,-0.115533,0,17,18
2022-07-28T00:15:58.681487,BikePoints_337,51.511084,-0.197524,7,9,16
2022-07-28T00:15:58.681487,BikePoints_338,51.511756,-0.119643,0,23,24
2022-07-28T00:15:58.681487,BikePoints_339,51.533319,-0.111781,5,11,25
2022-07-28T00:15:58.681487,BikePoints_340,51.514441,-0.087587,0,15,16
2022-07-28T00:15:58.681487,BikePoints_341,51.508103,-0.126021,0,15,22
2022-07-28T00:15:58.681487,BikePoints_343,51.536922,-0.150181,12,24,36
2022-07-28T00:15:58.681487,BikePoints_344,51.528246,-0.101026,4,12,17
2022-07-28T00:15:58.681487,BikePoints_345,51.488023,-0.166878,14,19,33
2022-07-28T00:15:58.681487,BikePoints_347,51.500139,-0.113936,13,4,17
2022-07-28T00:15:58.681487,BikePoints_348,51.51217,-0.150481,0,17,17
2022-07-28T00:15:58.681487,BikePoints_349,51.51196,-0.142783,1,16,18
2022-07-28T00:15:58.681487,BikePoints_350,51.501715,-0.179854,9,12,21
2022-07-28T00:15:58.681487,BikePoints_351,51.529423,-0.097122,25,1,28
2022-07-28T00:15:58.681487,BikePoints_352,51.486965,-0.116625,18,0,19
2022-07-28T00:15:58.681487,BikePoints_353,51.494591,-0.134234,5,12,17
2022-07-28T00:15:58.681487,BikePoints_354,51.506767,-0.123702,0,37,37
2022-07-28T00:15:58.681487,BikePoints_355,51.461388,-0.139221,3,17,21
2022-07-28T00:15:58.681487,BikePoints_356,51.494412,-0.173881,1,14,15
2022-07-28T00:15:58.681487,BikePoints_357,51.520994,-0.139016,1,28,30
2022-07-28T00:15:58.681487,BikePoints_358,51.516226,-0.124826,0,20,20
2022-07-28T00:15:58.681487,BikePoints_359,51.497829,-0.13544,1,17,18
2022-07-28T00:15:58.681487,BikePoints_360,51.496753,-0.138733,1,26,27
2022-07-28T00:15:58.681487,BikePoints_361,51.503919,-0.113426,4,49,55
2022-07-28T00:15:58.681487,BikePoints_362,51.536264,-0.133952,9,47,57
2022-07-28T00:15:58.681487,BikePoints_363,51.529121,-0.171185,3,21,24
2022-07-28T00:15:58.681487,BikePoints_364,51.519572,-0.13214,0,32,32
2022-07-28T00:15:58.681487,BikePoints_365,51.530344,-0.100168,34,12,47
2022-07-28T00:15:58.681487,BikePoints_367,51.517372,-0.164207,2,14,16
2022-07-28T00:15:58.681487,BikePoints_368,51.500241,-0.15934,8,16,25
2022-07-28T00:15:58.681487,BikePoints_370,51.520205,-0.174593,20,0,20
2022-07-28T00:15:58.681487,BikePoints_371,51.49775,-0.10988,8,14,22
2022-07-28T00:15:58.681487,BikePoints_372,51.515208,-0.117863,0,24,24
2022-07-28T00:15:58.681487,BikePoints_373,51.499806,-0.176415,0,17,18
2022-07-28T00:15:58.681487,BikePoints_374,51.504027,-0.113864,0,34,36
2022-07-28T00:15:58.681487,BikePoints_375,51.501945,-0.194392,3,15,18
2022-07-28T00:15:58.681487,BikePoints_376,51.491884,-0.125674,16,7,24
2022-07-28T00:15:58.681487,BikePoints_377,51.505354,-0.113656,5,10,15
2022-07-28T00:15:58.681487,BikePoints_378,51.495592,-0.179077,25,16,42
2022-07-28T00:15:58.681487,BikePoints_379,51.514311,-0.200838,14,6,21
2022-07-28T00:15:58.681487,BikePoints_380,51.506864,-0.150666,0,20,21
2022-07-28T00:15:58.681487,BikePoints_381,51.51953,-0.135777,0,14,14
2022-07-28T00:15:58.681487,BikePoints_382,51.509351,-0.147449,0,15,15
2022-07-28T00:15:58.681487,BikePoints_383,51.513103,-0.131213,0,18,18
2022-07-28T00:15:58.681487,BikePoints_384,51.496481,-0.192404,4,11,15
2022-07-28T00:15:58.681487,BikePoints_386,51.513527,-0.13011,1,14,16
2022-07-28T00:15:58.681487,BikePoints_387,51.493699,-0.121394,21,8,30
2022-07-28T00:15:58.681487,BikePoints_388,51.510701,-0.121723,0,13,14
2022-07-28T00:15:58.681487,BikePoints_389,51.51013,-0.155757,2,16,18
2022-07-28T00:15:58.681487,BikePoints_390,51.521776,-0.068856,6,34,41
2022-07-28T00:15:58.681487,BikePoints_391,51.510662,-0.142345,0,17,17
2022-07-28T00:15:58.681487,BikePoints_392,51.499428,-0.179702,0,21,21
2022-07-28T00:15:58.681487,BikePoints_393,51.517334,-0.103604,0,15,15
2022-07-28T00:15:58.681487,BikePoints_394,51.524826,-0.176268,11,6,18
2022-07-28T00:15:58.681487,BikePoints_395,51.492462,-0.159919,8,7,15
2022-07-28T00:15:58.681487,BikePoints_396,51.51809,-0.163609,4,12,16
2022-07-28T00:15:58.681487,BikePoints_397,51.51348,-0.17977,16,0,16
2022-07-28T00:15:58.681487,BikePoints_398,51.502319,-0.200742,3,27,30
2022-07-28T00:15:58.681487,BikePoints_399,51.522617,-0.071653,2,22,24
2022-07-28T00:15:58.681487,BikePoints_400,51.517703,-0.154106,1,25,26
2022-07-28T00:15:58.681487,BikePoints_401,51.528187,-0.075375,12,10,24
2022-07-28T00:15:58.681487,BikePoints_402,51.522892,-0.171681,8,7,15
2022-07-28T00:15:58.681487,BikePoints_403,51.516892,-0.158249,1,15,16
2022-07-28T00:15:58.681487,BikePoints_404,51.502042,-0.1844,4,9,13
2022-07-28T00:15:58.681487,BikePoints_405,51.494185,-0.18267,2,13,15
2022-07-28T00:15:58.681487,BikePoints_408,51.520009,-0.083935,0,22,24
2022-07-28T00:15:58.681487,BikePoints_409,51.493146,-0.099828,41,0,41
2022-07-28T00:15:58.681487,BikePoints_410,51.519968,-0.169774,5,58,64
2022-07-28T00:15:58.681487,BikePoints_411,51.499169,-0.055846,18,1,19
2022-07-28T00:15:58.681487,BikePoints_412,51.488105,-0.110121,11,6,17
2022-07-28T00:15:58.681487,BikePoints_419,51.485821,-0.149004,2,13,15
2022-07-28T00:15:58.681487,BikePoints_420,51.504043,-0.105312,6,31,37
2022-07-28T00:15:58.681487,BikePoints_421,51.504044,-0.104778,3,42,45
2022-07-28T00:15:58.681487,BikePoints_423,51.494561,-0.153933,7,23,31
2022-07-28T00:15:58.681487,BikePoints_424,51.490491,-0.149186,10,19,29
2022-07-28T00:15:58.681487,BikePoints_426,51.493072,-0.129925,17,0,17
2022-07-28T00:15:58.681487,BikePoints_427,51.51397,-0.09294,0,42,43
2022-07-28T00:15:58.681487,BikePoints_428,51.499917,-0.174554,0,20,20
2022-07-28T00:15:58.681487,BikePoints_695,51.536384,-0.102757,10,10,21
2022-07-28T00:15:58.681487,BikePoints_696,51.487285,-0.217995,2,19,21
2022-07-28T00:15:58.681487,BikePoints_697,51.536392,-0.112721,18,7,25
2022-07-28T00:15:58.681487,BikePoints_698,51.539083,-0.070329,31,4,35
2022-07-28T00:15:58.681487,BikePoints_699,51.536654,-0.07023,4,35,39
2022-07-28T00:15:58.681487,BikePoints_700,51.476964,-0.174347,24,1,25
2022-07-28T00:15:58.681487,BikePoints_701,51.472876,-0.176267,30,0,30
2022-07-28T00:15:58.681487,BikePoints_702,51.528681,-0.06555,9,14,24
2022-07-28T00:15:58.681487,BikePoints_703,51.515059,-0.105344,0,25,25
2022-07-28T00:15:58.681487,BikePoints_704,51.45682,-0.202802,18,0,18
2022-07-28T00:15:58.681487,BikePoints_705,51.459715,-0.212145,23,0,25
2022-07-28T00:15:58.681487,BikePoints_706,51.502153,-0.083632,23,7,31
2022-07-28T00:15:58.681487,BikePoints_707,51.490217,-0.215087,3,28,32
2022-07-28T00:15:58.681487,BikePoints_708,51.46161,-0.216145,33,0,33
2022-07-28T00:15:58.681487,BikePoints_709,51.463211,-0.21555,23,0,23
2022-07-28T00:15:58.681487,BikePoints_710,51.474392,-0.163347,14,4,20
2022-07-28T00:15:58.681487,BikePoints_711,51.483356,-0.216305,13,14,31
2022-07-28T00:15:58.681487,BikePoints_712,51.518541,-0.034903,21,1,22
2022-07-28T00:15:58.681487,BikePoints_713,51.541007,-0.14326,18,4,22
2022-07-28T00:15:58.681487,BikePoints_714,51.473116,-0.137235,10,18,28
2022-07-28T00:15:58.681487,BikePoints_715,51.51563,-0.049067,15,5,22
2022-07-28T00:15:58.681487,BikePoints_717,51.536585,-0.075885,38,2,43
2022-07-28T00:15:58.681487,BikePoints_718,51.535716,-0.060291,16,27,45
2022-07-28T00:15:58.681487,BikePoints_719,51.536424,-0.054162,13,20,34
2022-07-28T00:15:58.681487,BikePoints_720,51.487244,-0.205279,19,4,23
2022-07-28T00:15:58.681487,BikePoints_721,51.536039,-0.026262,14,1,18
2022-07-28T00:15:58.681487,BikePoints_722,51.524583,-0.058631,7,10,19
2022-07-28T00:15:58.681487,BikePoints_723,51.46822,-0.190346,12,35,48
2022-07-28T00:15:58.681487,BikePoints_724,51.457991,-0.184806,8,19,28
2022-07-28T00:15:58.681487,BikePoints_725,51.491327,-0.096518,24,0,24
2022-07-28T00:15:58.681487,BikePoints_726,51.47505,-0.150908,3,16,22
2022-07-28T00:15:58.681487,BikePoints_727,51.475698,-0.205876,11,10,23
2022-07-28T00:15:58.681487,BikePoints_728,51.461999,-0.20624,22,7,29
2022-07-28T00:15:58.681487,BikePoints_729,51.478939,-0.208485,17,5,24
2022-07-28T00:15:58.681487,BikePoints_730,51.492084,-0.229116,17,1,18
2022-07-28T00:15:58.681487,BikePoints_731,51.477276,-0.18921,27,9,37
2022-07-28T00:15:58.681487,BikePoints_732,51.506304,-0.087262,2,18,21
2022-07-28T00:15:58.681487,BikePoints_733,51.505426,-0.150817,0,17,18
2022-07-28T00:15:58.681487,BikePoints_734,51.462305,-0.175407,16,15,31
2022-07-28T00:15:58.681487,BikePoints_735,51.464894,-0.173029,10,18,28
2022-07-28T00:15:58.681487,BikePoints_736,51.50659,-0.216104,27,1,28
2022-07-28T00:15:58.681487,BikePoints_737,51.479932,-0.194116,12,14,26
2022-07-28T00:15:58.681487,BikePoints_738,51.475142,-0.187278,12,25,37
2022-07-28T00:15:58.681487,BikePoints_739,51.481765,-0.185273,4,24,28
2022-07-28T00:15:58.681487,BikePoints_740,51.510928,-0.214594,20,6,26
2022-07-28T00:15:58.681487,BikePoints_741,51.512981,-0.219486,23,0,23
2022-07-28T00:15:58.681487,BikePoints_742,51.515108,-0.208565,11,11,22
2022-07-28T00:15:58.681487,BikePoints_743,51.460792,-0.212607,29,0,29
2022-07-28T00:15:58.681487,BikePoints_744,51.467454,-0.172293,4,25,30
2022-07-28T00:15:58.681487,BikePoints_745,51.478169,-0.182435,2,25,29
2022-07-28T00:15:58.681487,BikePoints_746,51.479573,-0.179038,15,9,24
2022-07-28T00:15:58.681487,BikePoints_747,51.487964,-0.161765,18,6,24
2022-07-28T00:15:58.681487,BikePoints_748,51.537277,-0.079201,23,0,25
2022-07-28T00:15:58.681487,BikePoints_749,51.539328,-0.074284,35,0,37
2022-07-28T00:15:58.681487,BikePoints_750,51.471095,-0.15785,18,9,27
2022-07-28T00:15:58.681487,BikePoints_751,51.516128,-0.120909,0,24,24
2022-07-28T00:15:58.681487,BikePoints_752,51.515117,-0.173712,8,10,19
2022-07-28T00:15:58.681487,BikePoints_754,51.5129,-0.214762,15,7,24
2022-07-28T00:15:58.681487,BikePoints_755,51.485121,-0.174971,3,20,24
2022-07-28T00:15:58.681487,BikePoints_756,51.475153,-0.159169,20,0,21
2022-07-28T00:15:58.681487,BikePoints_757,51.487958,-0.187404,15,8,24
2022-07-28T00:15:58.681487,BikePoints_758,51.51787,-0.201005,11,12,23
2022-07-28T00:15:58.681487,BikePoints_759,51.524561,-0.165668,17,1,18
2022-07-28T00:15:58.681487,BikePoints_761,51.483217,-0.21186,13,10,26
2022-07-28T00:15:58.681487,BikePoints_762,51.500703,-0.129698,1,19,21
2022-07-28T00:15:58.681487,BikePoints_763,51.520597,-0.032566,46,0,47
2022-07-28T00:15:58.681487,BikePoints_764,51.462392,-0.168292,29,3,33
2022-07-28T00:15:58.681487,BikePoints_765,51.467601,-0.206827,25,12,39
2022-07-28T00:15:58.681487,BikePoints_766,51.457529,-0.192165,24,0,25
2022-07-28T00:15:58.681487,BikePoints_767,51.457059,-0.200806,18,12,30
2022-07-28T00:15:58.681487,BikePoints_768,51.461343,-0.159322,29,8,37
2022-07-28T00:15:58.681487,BikePoints_769,51.473611,-0.191803,13,7,21
2022-07-28T00:15:58.681487,BikePoints_770,51.491026,-0.209121,5,25,30
2022-07-28T00:15:58.681487,BikePoints_771,51.509224,-0.216016,8,11,21
2022-07-28T00:15:58.681487,BikePoints_772,51.472509,-0.122831,32,3,35
2022-07-28T00:15:58.681487,BikePoints_773,51.511891,-0.107349,1,23,24
2022-07-28T00:15:58.681487,BikePoints_774,51.470131,-0.20464,12,7,20
2022-07-28T00:15:58.681487,BikePoints_775,51.496664,-0.223868,5,28,33
2022-07-28T00:15:58.681487,BikePoints_776,51.460333,-0.167029,15,5,20
2022-07-28T00:15:58.681487,BikePoints_777,51.461923,-0.165297,5,16,21
2022-07-28T00:15:58.681487,BikePoints_166,51.501855,-0.159237,0,25,27
2022-07-28T00:15:58.681487,BikePoints_167,51.49395,-0.147624,0,19,19
2022-07-28T00:15:58.681487,BikePoints_168,51.500401,-0.195455,2,16,19
2022-07-28T00:15:58.681487,BikePoints_169,51.514746,-0.165164,7,11,18
2022-07-28T00:15:58.681487,BikePoints_170,51.527842,-0.108068,12,18,30
2022-07-28T00:15:58.681487,BikePoints_171,51.491615,-0.186753,7,7,14
2022-07-28T00:15:58.681487,BikePoints_172,51.491211,-0.173715,1,18,19
2022-07-28T00:15:58.681487,BikePoints_173,51.50486,-0.113001,2,12,15
2022-07-28T00:15:58.681487,BikePoints_174,51.512582,-0.115057,0,35,35
2022-07-28T00:15:58.681487,BikePoints_175,51.521668,-0.079608,0,50,51
2022-07-28T00:15:58.681487,BikePoints_176,51.517919,-0.188098,8,15,23
2022-07-28T00:15:58.681487,BikePoints_177,51.49616,-0.140947,3,22,25
2022-07-28T00:15:58.681487,BikePoints_178,51.489856,-0.141923,19,0,19
2022-07-28T00:15:58.681487,BikePoints_180,51.512911,-0.153645,0,16,17
2022-07-28T00:15:58.681487,BikePoints_181,51.499412,-0.152317,7,14,21
2022-07-28T00:15:58.681487,BikePoints_182,51.522029,-0.165842,10,8,18
2022-07-28T00:15:58.681487,BikePoints_183,51.482362,-0.136123,15,8,24
2022-07-28T00:15:58.681487,BikePoints_184,51.520715,-0.145211,2,31,34
2022-07-28T00:15:58.681487,BikePoints_185,51.488057,-0.140741,13,0,14
2022-07-28T00:15:58.681487,BikePoints_186,51.517335,-0.17581,2,14,16
2022-07-28T00:15:58.681487,BikePoints_187,51.492479,-0.178433,1,23,25
2022-07-28T00:15:58.681487,BikePoints_188,51.516517,-0.164393,2,16,18
2022-07-28T00:15:58.681487,BikePoints_189,51.531666,-0.109914,0,18,18
2022-07-28T00:15:58.681487,BikePoints_190,51.489975,-0.132845,11,10,21
2022-07-28T00:15:58.681487,BikePoints_191,51.503117,-0.15352,29,3,36
2022-07-28T00:15:58.681487,BikePoints_192,51.512515,-0.133201,0,16,16
2022-07-28T00:15:58.681487,BikePoints_193,51.505817,-0.100186,18,41,60
2022-07-28T00:15:58.681487,BikePoints_194,51.504627,-0.091773,3,50,56
2022-07-28T00:15:58.681487,BikePoints_195,51.507244,-0.106237,2,28,30
2022-07-28T00:15:58.681487,BikePoints_196,51.503688,-0.098497,13,4,17
2022-07-28T00:15:58.681487,BikePoints_197,51.505569,-0.111606,9,18,27
2022-07-28T00:15:58.681487,BikePoints_199,51.510484,-0.082989,0,20,24
2022-07-28T00:15:58.681487,BikePoints_200,51.514924,-0.066078,13,1,14
2022-07-28T00:15:58.681487,BikePoints_201,51.522596,-0.161113,0,14,16
2022-07-28T00:15:58.681487,BikePoints_202,51.512363,-0.069542,10,26,37
2022-07-28T00:15:58.681487,BikePoints_203,51.518218,-0.100791,0,15,15
2022-07-28T00:15:58.681487,BikePoints_204,51.526599,-0.112432,14,4,19
2022-07-28T00:15:58.681487,BikePoints_206,51.518154,-0.062697,0,34,36
2022-07-28T00:15:58.681487,BikePoints_207,51.501352,-0.153194,0,18,18
2022-07-28T00:15:58.681487,BikePoints_208,51.525051,-0.166304,10,9,20
2022-07-28T00:15:58.681487,BikePoints_209,51.493583,-0.165101,8,22,30
2022-07-28T00:15:58.681487,BikePoints_210,51.516814,-0.151926,1,20,21
2022-07-28T00:15:58.681487,BikePoints_211,51.494645,-0.158105,32,2,34
2022-07-28T00:15:58.681487,BikePoints_212,51.506584,-0.199004,6,11,17
2022-07-28T00:15:58.681487,BikePoints_213,51.50274,-0.149569,0,34,36
2022-07-28T00:15:58.681487,BikePoints_214,51.526838,-0.130504,0,30,32
2022-07-28T00:15:58.681487,BikePoints_215,51.519069,-0.088285,1,25,26
2022-07-28T00:15:58.681487,BikePoints_216,51.490945,-0.18119,10,20,30
2022-07-28T00:15:58.681487,BikePoints_217,51.516154,-0.082422,0,12,16
2022-07-28T00:15:58.681487,BikePoints_218,51.489716,-0.170194,5,15,20
2022-07-28T00:15:58.681487,BikePoints_219,51.490163,-0.190393,3,26,29
2022-07-28T00:15:58.681487,BikePoints_220,51.490664,-0.166485,1,26,27
2022-07-28T00:15:58.681487,BikePoints_221,51.494816,-0.130458,14,0,16
2022-07-28T00:15:58.681487,BikePoints_222,51.502757,-0.155349,0,43,43
2022-07-28T00:15:58.681487,BikePoints_223,51.491484,-0.09022,24,0,24
2022-07-28T00:15:58.681487,BikePoints_224,51.51031,-0.187402,16,0,17
2022-07-28T00:15:58.681487,BikePoints_225,51.509353,-0.196422,1,29,30
2022-07-28T00:15:58.681487,BikePoints_226,51.508446,-0.131961,0,24,24
2022-07-28T00:15:58.681487,BikePoints_227,51.528915,-0.11548,13,9,23
2022-07-28T00:15:58.681487,BikePoints_228,51.507424,-0.134621,0,39,40
2022-07-28T00:15:58.681487,BikePoints_229,51.506543,-0.123179,2,43,46
2022-07-28T00:15:58.681487,BikePoints_230,51.506692,-0.103137,2,28,31
2022-07-28T00:15:58.681487,BikePoints_231,51.493967,-0.178732,3,28,31
2022-07-28T00:15:58.681487,BikePoints_232,51.51501,-0.112753,1,15,16
2022-07-28T00:15:58.681487,BikePoints_233,51.50777,-0.130699,3,19,22
2022-07-28T00:15:58.681487,BikePoints_234,51.534504,-0.106992,16,6,24
2022-07-28T00:15:58.681487,BikePoints_235,51.495718,-0.110889,13,23,36
2022-07-28T00:15:58.681487,BikePoints_236,51.51838,-0.073438,1,27,30
2022-07-28T00:15:58.681487,BikePoints_237,51.509786,-0.068161,17,10,30
2022-07-28T00:15:58.681487,BikePoints_238,51.523353,-0.175116,28,2,32
2022-07-28T00:15:58.681487,BikePoints_239,51.524438,-0.138019,7,19,26
2022-07-28T00:15:58.681487,BikePoints_242,51.522008,-0.151359,2,20,23
2022-07-28T00:15:58.681487,BikePoints_243,51.490962,-0.139625,25,0,25
2022-07-28T00:15:58.681487,BikePoints_244,51.516118,-0.128585,0,18,18
2022-07-28T00:15:58.681487,BikePoints_245,51.485357,-0.142207,5,24,29
2022-07-28T00:15:58.681487,BikePoints_246,51.522853,-0.099994,2,39,41
2022-07-28T00:15:58.681487,BikePoints_247,51.530529,-0.167515,5,42,50
2022-07-28T00:15:58.681487,BikePoints_248,51.506451,-0.170279,24,3,27
2022-07-28T00:15:58.681487,BikePoints_249,51.498597,-0.096191,9,33,42
2022-07-28T00:15:58.681487,BikePoints_250,51.489932,-0.162727,0,10,10
2022-07-28T00:15:58.681487,BikePoints_518,51.528224,-0.037471,20,7,30
2022-07-28T00:15:58.681487,BikePoints_519,51.518811,-0.011662,12,20,33
2022-07-28T00:15:58.681487,BikePoints_520,51.526041,-0.047218,16,5,21
2022-07-28T00:15:58.681487,BikePoints_521,51.534137,-0.037366,13,4,19
2022-07-28T00:15:58.681487,BikePoints_522,51.525941,-0.036017,6,29,36
2022-07-28T00:15:58.681487,BikePoints_523,51.51549,-0.013475,9,15,24
2022-07-28T00:15:58.681487,BikePoints_524,51.511654,-0.179668,31,7,38
2022-07-28T00:15:58.681487,BikePoints_525,51.496927,-0.2135,14,10,24
2022-07-28T00:15:58.681487,BikePoints_526,51.503143,-0.008428,4,21,27
2022-07-28T00:15:58.681487,BikePoints_527,51.503802,-0.215808,14,5,20
2022-07-28T00:15:58.681487,BikePoints_528,51.507326,-0.145827,0,16,16
2022-07-28T00:15:58.681487,BikePoints_529,51.486892,-0.170983,2,15,18
2022-07-28T00:15:58.681487,BikePoints_530,51.508896,-0.012413,15,1,18
2022-07-28T00:15:58.681487,BikePoints_531,51.530326,-0.042744,15,4,21
2022-07-28T00:15:58.681487,BikePoints_532,51.50357,-0.020068,38,22,63
2022-07-28T00:15:58.681487,BikePoints_533,51.528222,-0.069743,4,29,33
2022-07-28T00:15:58.681487,BikePoints_534,51.531864,-0.066035,8,18,27
2022-07-28T00:15:58.681487,BikePoints_535,51.537349,-0.147154,17,7,24
2022-07-28T00:15:58.681487,BikePoints_536,51.53385,-0.06992,18,17,35
2022-07-28T00:15:58.681487,BikePoints_537,51.51793,-0.067937,2,15,18
2022-07-28T00:15:58.681487,BikePoints_538,51.508981,-0.00699,11,9,21
2022-07-28T00:15:58.681487,BikePoints_539,51.531091,-0.075901,5,17,22
2022-07-28T00:15:58.681487,BikePoints_540,51.528302,-0.144466,15,10,27
2022-07-28T00:15:58.681487,BikePoints_541,51.506613,-0.142844,0,26,28
2022-07-28T00:15:58.681487,BikePoints_542,51.514115,-0.033828,32,0,33
2022-07-28T00:15:58.681487,BikePoints_543,51.509591,-0.204666,6,15,21
2022-07-28T00:15:58.681487,BikePoints_544,51.526153,-0.102208,15,7,22
2022-07-28T00:15:58.681487,BikePoints_545,51.539957,-0.145246,6,17,24
2022-07-28T00:15:58.681487,BikePoints_546,51.517428,-0.107987,0,21,21
2022-07-28T00:15:58.681487,BikePoints_547,51.509474,-0.002275,17,32,51
2022-07-28T00:15:58.681487,BikePoints_548,51.498386,-0.107913,4,22,26
2022-07-28T00:15:58.681487,BikePoints_549,51.49605,-0.104193,44,0,45
2022-07-28T00:15:58.681487,BikePoints_550,51.521564,-0.039264,8,14,23
2022-07-28T00:15:58.681487,BikePoints_551,51.505772,-0.01646,7,30,39
2022-07-28T00:15:58.681487,BikePoints_552,51.511542,-0.056667,5,21,27
2022-07-28T00:15:58.681487,BikePoints_553,51.535678,-0.062546,19,0,24
2022-07-28T00:15:58.681487,BikePoints_554,51.513548,-0.005659,8,6,16
2022-07-28T00:15:58.681487,BikePoints_556,51.502661,-0.021596,17,10,27
2022-07-28T00:15:58.681487,BikePoints_557,51.51601,-0.0985,0,20,20
2022-07-28T00:15:58.681487,BikePoints_558,51.493978,-0.127554,19,4,24
2022-07-28T00:15:58.681487,BikePoints_559,51.501391,-0.205991,4,20,24
2022-07-28T00:15:58.681487,BikePoints_560,51.511624,-0.205921,2,19,21
2022-07-28T00:15:58.681487,BikePoints_561,51.518369,-0.043371,17,5,22
2022-07-28T00:15:58.681487,BikePoints_562,51.51746,-0.12335,0,21,21
2022-07-28T00:15:58.681487,BikePoints_563,51.499286,-0.009152,8,18,26
2022-07-28T00:15:58.681487,BikePoints_564,51.509943,-0.117619,15,24,41
2022-07-28T00:15:58.681487,BikePoints_565,51.521905,-0.063386,2,13,17
2022-07-28T00:15:58.681487,BikePoints_566,51.509158,-0.224103,1,39,42
2022-07-28T00:15:58.681487,BikePoints_568,51.51616,-0.18697,15,3,18
2022-07-28T00:15:58.681487,BikePoints_569,51.53213,-0.08299,16,14,30
2022-07-28T00:15:58.681487,BikePoints_570,51.503083,-0.017676,4,30,36
2022-07-28T00:15:58.681487,BikePoints_571,51.506256,-0.218337,18,10,29
2022-07-28T00:15:58.681487,BikePoints_572,51.539099,-0.141728,25,8,36
2022-07-28T00:15:58.681487,BikePoints_573,51.485587,-0.18119,4,13,18
2022-07-28T00:15:58.681487,BikePoints_574,51.53356,-0.09315,27,14,45
2022-07-28T00:15:58.681487,BikePoints_576,51.497304,-0.022793,16,3,22
2022-07-28T00:15:58.681487,BikePoints_577,51.528869,-0.047548,17,3,20
2022-07-28T00:15:58.681487,BikePoints_578,51.527607,-0.057133,11,21,32
2022-07-28T00:15:58.681487,BikePoints_579,51.511246,-0.093051,0,35,36
2022-07-28T00:15:58.681487,BikePoints_580,51.486929,-0.102996,35,1,36
2022-07-28T00:15:58.681487,BikePoints_581,51.519167,-0.147983,3,15,18
2022-07-28T00:15:58.681487,BikePoints_583,51.49764,-0.125972,0,20,20
2022-07-28T00:15:58.681487,BikePoints_584,51.51244,-0.19096,20,0,21
2022-07-28T00:15:58.681487,BikePoints_586,51.490645,-0.014582,14,16,31
2022-07-28T00:15:58.681487,BikePoints_587,51.50964,-0.08497,1,19,22
2022-07-28T00:15:58.681487,BikePoints_588,51.52959,-0.0801,4,23,27
2022-07-28T00:15:58.681487,BikePoints_589,51.487196,-0.179369,12,4,18
2022-07-28T00:15:58.681487,BikePoints_590,51.53256,-0.16862,3,21,26
2022-07-28T00:15:58.681487,BikePoints_592,51.5171,-0.18377,4,16,20
2022-07-28T00:15:58.681487,BikePoints_593,51.531066,-0.11934,10,11,21
2022-07-28T00:15:58.681487,BikePoints_594,51.513875,-0.117774,0,32,33
2022-07-28T00:15:58.681487,BikePoints_595,51.493267,-0.21985,20,2,22
2022-07-28T00:15:58.681487,BikePoints_596,51.472817,-0.199783,1,20,21
2022-07-28T00:15:58.681487,BikePoints_597,51.473471,-0.20782,18,9,27
2022-07-28T00:15:58.681487,BikePoints_598,51.494499,-0.228188,22,14,38
2022-07-28T00:15:58.681487,BikePoints_599,51.485743,-0.223616,5,23,28
2022-07-28T00:15:58.681487,BikePoints_600,51.481747,-0.124642,12,9,21
2022-07-28T00:15:58.681487,BikePoints_601,51.514767,-0.225787,13,23,36
2022-07-28T00:15:58.681487,BikePoints_602,51.472993,-0.133972,29,16,45
2022-07-28T00:15:58.681487,BikePoints_603,51.477839,-0.116493,42,1,44
2022-07-28T00:15:58.681487,BikePoints_604,51.538792,-0.138535,10,7,18
2022-07-28T00:15:58.681487,BikePoints_605,51.520331,-0.163667,6,22,29
2022-07-28T00:15:58.681487,BikePoints_606,51.504199,-0.210941,10,16,26
2022-07-28T00:15:58.681487,BikePoints_607,51.468814,-0.210279,20,0,21
2022-07-28T00:15:58.681487,BikePoints_608,51.491093,-0.216493,22,8,30
2022-07-28T00:15:58.681487,BikePoints_609,51.465123,-0.157788,18,1,19
2022-07-28T00:15:58.681487,BikePoints_610,51.482567,-0.172078,2,19,21
2022-07-28T00:15:58.681487,BikePoints_611,51.506465,-0.208486,10,10,20
2022-07-28T00:15:58.681487,BikePoints_251,51.518908,-0.079249,1,28,34
2022-07-28T00:15:58.681487,BikePoints_252,51.504636,-0.116542,21,7,30
2022-07-28T00:15:58.681487,BikePoints_253,51.534042,-0.086379,20,10,30
2022-07-28T00:15:58.681487,BikePoints_254,51.530515,-0.106408,11,6,18
2022-07-28T00:15:58.681487,BikePoints_255,51.525575,-0.179592,22,0,22
2022-07-28T00:15:58.681487,BikePoints_256,51.51362,-0.116764,0,15,15
2022-07-28T00:15:58.681487,BikePoints_257,51.522481,-0.154907,1,15,16
2022-07-28T00:15:58.681487,BikePoints_258,51.501432,-0.178656,0,23,23
2022-07-28T00:15:58.681487,BikePoints_259,51.490959,-0.153233,12,4,16
2022-07-28T00:15:58.681487,BikePoints_260,51.513684,-0.13558,0,17,18
2022-07-28T00:15:58.681487,BikePoints_261,51.513489,-0.191351,15,1,16
2022-07-28T00:15:58.681487,BikePoints_262,51.498744,-0.103132,30,5,35
2022-07-28T00:15:58.681487,BikePoints_263,51.514225,-0.08066,0,17,21
2022-07-28T00:15:58.681487,BikePoints_264,51.526443,-0.109256,9,11,20
2022-07-28T00:15:58.681487,BikePoints_265,51.515953,-0.169249,4,13,17
2022-07-28T00:15:58.681487,BikePoints_266,51.501026,-0.180246,1,40,41
2022-07-28T00:15:58.681487,BikePoints_267,51.49206,-0.132224,22,0,22
2022-07-28T00:15:58.681487,BikePoints_268,51.493204,-0.144132,10,17,29
2022-07-28T00:15:58.681487,BikePoints_269,51.500823,-0.08974,18,28,46
2022-07-28T00:15:58.681487,BikePoints_270,51.486343,-0.122492,14,16,31
2022-07-28T00:15:58.681487,BikePoints_271,51.535836,-0.156285,8,24,32
2022-07-28T00:15:58.681487,BikePoints_272,51.501444,-0.110699,2,19,22
2022-07-28T00:15:58.681487,BikePoints_273,51.506133,-0.114686,9,28,38
2022-07-28T00:15:58.681487,BikePoints_274,51.496712,-0.205284,9,27,36
2022-07-28T00:15:58.681487,BikePoints_275,51.520044,-0.092176,2,17,19
2022-07-28T00:15:58.681487,BikePoints_276,51.509301,-0.084985,0,21,24
2022-07-28T00:15:58.681487,BikePoints_277,51.503157,-0.191496,11,6,17
2022-07-28T00:15:58.681487,BikePoints_278,51.503493,-0.07962,9,18,27
2022-07-28T00:15:58.681487,BikePoints_279,51.518622,-0.176645,1,24,25
2022-07-28T00:15:58.681487,BikePoints_280,51.490083,-0.162418,0,10,10
2022-07-28T00:15:58.681487,BikePoints_281,51.495805,-0.127575,1,15,18
2022-07-28T00:15:58.681487,BikePoints_282,51.518675,-0.06111,3,37,42
2022-07-28T00:15:58.681487,BikePoints_283,51.514409,-0.118478,0,16,16
2022-07-28T00:15:58.681487,BikePoints_284,51.49914,-0.112031,14,5,20
2022-07-28T00:15:58.681487,BikePoints_286,51.527294,-0.174653,5,30,35
2022-07-28T00:15:58.681487,BikePoints_287,51.523673,-0.128377,3,20,23
2022-07-28T00:15:58.681487,BikePoints_288,51.492369,-0.147478,8,26,34
2022-07-28T00:15:58.681487,BikePoints_289,51.50923,-0.151296,0,15,15
2022-07-28T00:15:58.681487,BikePoints_290,51.518268,-0.171103,5,15,20
2022-07-28T00:15:58.681487,BikePoints_291,51.484839,-0.138089,25,6,32
2022-07-28T00:15:58.681487,BikePoints_292,51.498884,-0.165471,5,11,16
2022-07-28T00:15:58.681487,BikePoints_293,51.498157,-0.209494,8,17,25
2022-07-28T00:15:58.681487,BikePoints_294,51.488226,-0.135635,15,1,16
2022-07-28T00:15:58.681487,BikePoints_295,51.500296,-0.092762,23,2,27
2022-07-28T00:15:58.681487,BikePoints_296,51.493631,-0.190603,18,0,18
2022-07-28T00:15:58.681487,BikePoints_297,51.496127,-0.106,11,5,17
2022-07-28T00:15:58.681487,BikePoints_298,51.502279,-0.074189,16,5,21
2022-07-28T00:15:58.681487,BikePoints_299,51.493985,-0.136928,18,1,19
2022-07-28T00:15:58.681487,BikePoints_300,51.505014,-0.17306,0,16,17
2022-07-28T00:15:58.681487,BikePoints_301,51.514759,-0.148105,0,23,24
2022-07-28T00:15:58.681487,BikePoints_302,51.466907,-0.216573,25,0,28
2022-07-28T00:15:58.681487,BikePoints_303,51.502953,-0.158456,28,2,34
2022-07-28T00:15:58.681487,BikePoints_306,51.518162,-0.135025,0,15,16
2022-07-28T00:15:58.681487,BikePoints_307,51.509908,-0.187842,24,0,24
2022-07-28T00:15:58.681487,BikePoints_308,51.499075,-0.085666,19,0,20
2022-07-28T00:15:58.681487,BikePoints_309,51.509631,-0.119047,18,22,41
2022-07-28T00:15:58.681487,BikePoints_310,51.490867,-0.116911,19,0,19
2022-07-28T00:15:58.681487,BikePoints_311,51.519181,-0.140485,1,22,24
2022-07-28T00:15:58.681487,BikePoints_312,51.530889,-0.17677,16,4,20
2022-07-28T00:15:58.681487,BikePoints_313,51.517344,-0.138072,2,36,38
2022-07-28T00:15:58.681487,BikePoints_314,51.500889,-0.083159,33,1,36
2022-07-28T00:15:58.681487,BikePoints_315,51.525367,-0.153463,0,14,16
2022-07-28T00:15:58.681487,BikePoints_316,51.497998,-0.14296,0,20,21
2022-07-28T00:15:58.681487,BikePoints_317,51.496791,-0.093913,19,13,32
2022-07-28T00:15:58.681487,BikePoints_318,51.510048,-0.138846,0,17,18
2022-07-28T00:15:58.681487,BikePoints_319,51.527025,-0.088542,12,8,21
2022-07-28T00:15:58.681487,BikePoints_320,51.493573,-0.139956,5,21,26
2022-07-28T00:15:58.681487,BikePoints_321,51.497855,-0.081608,24,0,24
2022-07-28T00:15:58.681487,BikePoints_322,51.526293,-0.073955,12,14,26
2022-07-28T00:15:58.681487,BikePoints_323,51.523196,-0.083067,1,23,24
2022-07-28T00:15:58.681487,BikePoints_324,51.49652,-0.101384,15,0,15
2022-07-28T00:15:58.681487,BikePoints_325,51.509087,-0.129697,0,17,18
2022-07-28T00:15:58.681487,BikePoints_326,51.532661,-0.099981,17,8,26
2022-07-28T00:15:58.681487,BikePoints_327,51.53095,-0.085603,8,13,22
2022-07-28T00:15:58.681487,BikePoints_328,51.53114,-0.086016,9,13,22
2022-07-28T00:15:58.681487,BikePoints_329,51.535892,-0.160854,11,12,24
2022-07-28T00:15:58.681487,BikePoints_330,51.516417,-0.179135,9,25,34
2022-07-28T00:15:58.681487,BikePoints_331,51.520858,-0.089887,0,30,30
2022-07-28T00:15:58.681487,BikePoints_332,51.493343,-0.194757,6,14,20
2022-07-28T00:15:58.681487,BikePoints_333,51.508605,-0.193764,6,29,37
2022-07-28T00:15:58.681487,BikePoints_612,51.469259,-0.141812,19,11,30
2022-07-28T00:15:58.681487,BikePoints_613,51.504038,-0.2174,5,19,24
2022-07-28T00:15:58.681487,BikePoints_614,51.54119,-0.058826,18,1,21
2022-07-28T00:15:58.681487,BikePoints_615,51.476885,-0.215895,11,13,24
2022-07-28T00:15:58.681487,BikePoints_616,51.481021,-0.209973,17,6,24
2022-07-28T00:15:58.681487,BikePoints_617,51.471079,-0.207842,3,18,21
2022-07-28T00:15:58.681487,BikePoints_618,51.476259,-0.193254,4,18,24
2022-07-28T00:15:58.681487,BikePoints_619,51.473763,-0.19701,36,7,43
2022-07-28T00:15:58.681487,BikePoints_620,51.47518,-0.16716,12,14,28
2022-07-28T00:15:58.681487,BikePoints_621,51.460864,-0.187427,31,2,33
2022-07-28T00:15:58.681487,BikePoints_622,51.507481,-0.205535,2,27,29
2022-07-28T00:15:58.681487,BikePoints_623,51.46193,-0.180791,9,13,22
2022-07-28T00:15:58.681487,BikePoints_624,51.472918,-0.132102,27,1,40
2022-07-28T00:15:58.681487,BikePoints_625,51.477619,-0.149551,20,8,28
2022-07-28T00:15:58.681487,BikePoints_626,51.484386,-0.204815,23,0,24
2022-07-28T00:15:58.681487,BikePoints_627,51.46879,-0.15823,11,8,20
2022-07-28T00:15:58.681487,BikePoints_628,51.468819,-0.184318,15,10,26
2022-07-28T00:15:58.681487,BikePoints_629,51.459953,-0.190184,27,0,28
2022-07-28T00:15:58.681487,BikePoints_630,51.470732,-0.126994,23,5,28
2022-07-28T00:15:58.681487,BikePoints_631,51.479501,-0.14177,2,24,27
2022-07-28T00:15:58.681487,BikePoints_632,51.470538,-0.163041,16,11,28
2022-07-28T00:15:58.681487,BikePoints_633,51.489591,-0.209378,32,0,32
2022-07-28T00:15:58.681487,BikePoints_634,51.494347,-0.215804,23,10,33
2022-07-28T00:15:58.681487,BikePoints_635,51.486062,-0.214428,11,25,37
2022-07-28T00:15:58.681487,BikePoints_636,51.467064,-0.193502,13,14,28
2022-07-28T00:15:58.681487,BikePoints_637,51.45787,-0.174691,12,11,25
2022-07-28T00:15:58.681487,BikePoints_638,51.466633,-0.169821,27,0,28
2022-07-28T00:15:58.681487,BikePoints_639,51.48357,-0.202038,9,18,27
2022-07-28T00:15:58.681487,BikePoints_640,51.472865,-0.148059,18,9,28
2022-07-28T00:15:58.681487,BikePoints_641,51.498241,-0.117495,15,8,23
2022-07-28T00:15:58.681487,BikePoints_642,51.469161,-0.174485,1,35,36
2022-07-28T00:15:58.681487,BikePoints_643,51.519042,-0.204764,22,0,22
2022-07-28T00:15:58.681487,BikePoints_644,51.483732,-0.223852,27,8,36
2022-07-28T00:15:58.681487,BikePoints_645,51.501732,-0.100292,18,2,21
2022-07-28T00:15:58.681487,BikePoints_646,51.498865,-0.137424,12,4,16
2022-07-28T00:15:58.681487,BikePoints_647,51.500353,-0.217515,10,16,27
2022-07-28T00:15:58.681487,BikePoints_648,51.46904,-0.196274,4,26,30
2022-07-28T00:15:58.681487,BikePoints_649,51.481805,-0.180274,17,4,22
2022-07-28T00:15:58.681487,BikePoints_650,51.51687,-0.213872,8,13,21
2022-07-28T00:15:58.681487,BikePoints_651,51.480898,-0.183853,4,21,25
2022-07-28T00:15:58.681487,BikePoints_652,51.511486,-0.21819,3,25,29
2022-07-28T00:15:58.681487,BikePoints_653,51.470847,-0.170703,15,10,25
2022-07-28T00:15:58.681487,BikePoints_654,51.482678,-0.117661,12,21,34
2022-07-28T00:15:58.681487,BikePoints_655,51.482944,-0.219346,26,0,27
2022-07-28T00:15:58.681487,BikePoints_656,51.468418,-0.199135,10,17,29
2022-07-28T00:15:58.681487,BikePoints_657,51.49968,-0.221791,10,10,21
2022-07-28T00:15:58.681487,BikePoints_658,51.477292,-0.164786,22,7,30
2022-07-28T00:15:58.681487,BikePoints_659,51.511934,-0.103078,0,35,35
2022-07-28T00:15:58.681487,BikePoints_660,51.49087,-0.206029,21,1,22
2022-07-28T00:15:58.681487,BikePoints_661,51.51632,-0.202608,22,12,37
2022-07-28T00:15:58.681487,BikePoints_662,51.484984,-0.167919,8,16,24
2022-07-28T00:15:58.681487,BikePoints_663,51.51323,-0.211593,18,6,24
2022-07-28T00:15:58.681487,BikePoints_664,51.474376,-0.155442,22,2,24
2022-07-28T00:15:58.681487,BikePoints_665,51.461083,-0.191722,8,14,22
2022-07-28T00:15:58.681487,BikePoints_667,51.501594,-0.222293,24,10,34
2022-07-28T00:15:58.681487,BikePoints_668,51.494223,-0.236769,25,0,26
2022-07-28T00:15:58.681487,BikePoints_669,51.476149,-0.123258,21,17,39
2022-07-28T00:15:58.681487,BikePoints_670,51.467185,-0.152248,17,9,28
2022-07-28T00:15:58.681487,BikePoints_671,51.475089,-0.201968,10,44,56
2022-07-28T00:15:58.681487,BikePoints_673,51.46517,-0.180389,23,13,36
2022-07-28T00:15:58.681487,BikePoints_674,51.535467,-0.116191,17,22,40
2022-07-28T00:15:58.681487,BikePoints_675,51.463489,-0.182126,19,11,30
2022-07-28T00:15:58.681487,BikePoints_676,51.47787,-0.126874,29,4,35
2022-07-28T00:15:58.681487,BikePoints_677,51.468669,-0.146544,14,13,27
2022-07-28T00:15:58.681487,BikePoints_678,51.462312,-0.211468,29,0,30
2022-07-28T00:15:58.681487,BikePoints_679,51.474535,-0.17021,20,3,26
2022-07-28T00:15:58.681487,BikePoints_680,51.477684,-0.170329,28,0,28
2022-07-28T00:15:58.681487,BikePoints_681,51.473036,-0.214749,17,28,46
2022-07-28T00:15:58.681487,BikePoints_682,51.488108,-0.226606,44,0,46
2022-07-28T00:15:58.681487,BikePoints_683,51.465064,-0.16375,20,8,28
2022-07-28T00:15:58.681487,BikePoints_684,51.454752,-0.195197,30,0,32
2022-07-28T00:15:58.681487,BikePoints_685,51.46067,-0.198735,29,1,30
2022-07-28T00:15:58.681487,BikePoints_686,51.488144,-0.222456,6,19,26
2022-07-28T00:15:58.681487,BikePoints_688,51.460951,-0.200667,28,0,28
2022-07-28T00:15:58.681487,BikePoints_689,51.459225,-0.180884,4,26,30
2022-07-28T00:15:58.681487,BikePoints_690,51.470475,-0.15213,8,16,24
2022-07-28T00:15:58.681487,BikePoints_691,51.479463,-0.195777,17,7,24
2022-07-28T00:15:58.681487,BikePoints_692,51.542118,-0.028941,18,3,22
2022-07-28T00:15:58.681487,BikePoints_693,51.464786,-0.215618,18,0,18
2022-07-28T00:15:58.681487,BikePoints_694,51.460717,-0.216526,19,0,20
